ds,Port,Container_Type,Empty_Out_TEU,Empty_In_TEU,Full_Out_TEU,Full_In_TEU,Date
1/1/2018,GENOVA,20DV,13577,10078,15045,14297,1/1/2018
2/1/2018,GENOVA,20DV,14079,10653,15605,14709,2/1/2018
3/1/2018,GENOVA,20DV,14016,10681,15516,14394,3/1/2018
4/1/2018,GENOVA,20DV,14066,10808,15493,14555,4/1/2018
5/1/2018,GENOVA,20DV,13685,10480,15095,14416,5/1/2018
6/1/2018,GENOVA,20DV,13026,9700,14341,13842,6/1/2018
7/1/2018,GENOVA,20DV,12374,9352,13671,12965,7/1/2018
8/1/2018,GENOVA,20DV,12210,9256,13496,12639,8/1/2018
9/1/2018,GENOVA,20DV,11844,8953,13044,12333,9/1/2018
10/1/2018,GENOVA,20DV,12083,9153,13353,12618,10/1/2018
11/1/2018,GENOVA,20DV,12598,9502,13772,12984,11/1/2018
12/1/2018,GENOVA,20DV,13142,9785,14416,13758,12/1/2018
1/1/2019,GENOVA,20DV,13742,10335,15148,14552,1/1/2019
2/1/2019,GENOVA,20DV,14268,10822,15969,14741,2/1/2019
3/1/2019,GENOVA,20DV,14100,10640,15585,14726,3/1/2019
4/1/2019,GENOVA,20DV,14112,10429,15504,14532,4/1/2019
5/1/2019,GENOVA,20DV,13993,10372,15361,14578,5/1/2019
6/1/2019,GENOVA,20DV,13438,10024,14882,14090,6/1/2019
7/1/2019,GENOVA,20DV,12815,9585,14084,13587,7/1/2019
8/1/2019,GENOVA,20DV,12324,9262,13635,12996,8/1/2019
9/1/2019,GENOVA,20DV,12303,9107,13596,12773,9/1/2019
10/1/2019,GENOVA,20DV,12338,9352,13418,12966,10/1/2019
11/1/2019,GENOVA,20DV,12751,9326,14086,13346,11/1/2019
12/1/2019,GENOVA,20DV,13272,10024,14661,13934,12/1/2019
1/1/2020,GENOVA,20DV,13935,10522,15440,14604,1/1/2020
2/1/2020,GENOVA,20DV,14562,11015,15896,15336,2/1/2020
3/1/2020,GENOVA,20DV,14445,10391,16048,15193,3/1/2020
4/1/2020,GENOVA,20DV,13723,10107,15072,14528,4/1/2020
5/1/2020,GENOVA,20DV,13037,9732,14600,13704,5/1/2020
6/1/2020,GENOVA,20DV,12385,9310,13841,13214,6/1/2020
7/1/2020,GENOVA,20DV,11766,8815,12871,12415,7/1/2020
8/1/2020,GENOVA,20DV,11178,8293,12143,11902,8/1/2020
9/1/2020,GENOVA,20DV,10619,8100,11755,11226,9/1/2020
10/1/2020,GENOVA,20DV,10404,7837,11359,10854,10/1/2020
11/1/2020,GENOVA,20DV,10782,8044,11984,11455,11/1/2020
12/1/2020,GENOVA,20DV,10921,8083,12071,11596,12/1/2020
1/1/2021,GENOVA,20DV,11467,8608,12447,11711,1/1/2021
2/1/2021,GENOVA,20DV,12026,9171,13323,12561,2/1/2021
3/1/2021,GENOVA,20DV,12195,9151,13431,12981,3/1/2021
4/1/2021,GENOVA,20DV,12805,9600,14138,13580,4/1/2021
5/1/2021,GENOVA,20DV,13445,10093,14994,13921,5/1/2021
6/1/2021,GENOVA,20DV,13657,10259,15005,14457,6/1/2021
7/1/2021,GENOVA,20DV,13266,9919,14693,14158,7/1/2021
8/1/2021,GENOVA,20DV,12929,9571,14145,13654,8/1/2021
9/1/2021,GENOVA,20DV,12518,9580,13698,12959,9/1/2021
10/1/2021,GENOVA,20DV,12823,9699,14077,13364,10/1/2021
11/1/2021,GENOVA,20DV,13146,10138,14379,13856,11/1/2021
12/1/2021,GENOVA,20DV,13803,10421,15262,14463,12/1/2021
1/1/2022,GENOVA,20DV,14493,10836,15750,15403,1/1/2022
2/1/2022,GENOVA,20DV,15218,11270,16866,16090,2/1/2022
3/1/2022,GENOVA,20DV,14928,11147,16307,15967,3/1/2022
4/1/2022,GENOVA,20DV,15168,11201,16742,16081,4/1/2022
5/1/2022,GENOVA,20DV,14625,11276,15914,15437,5/1/2022
6/1/2022,GENOVA,20DV,13938,10451,15398,14591,6/1/2022
7/1/2022,GENOVA,20DV,13544,10264,15045,14411,7/1/2022
8/1/2022,GENOVA,20DV,13272,10082,14600,13936,8/1/2022
9/1/2022,GENOVA,20DV,13124,9985,14640,13646,9/1/2022
10/1/2022,GENOVA,20DV,13175,10217,14474,13840,10/1/2022
11/1/2022,GENOVA,20DV,13345,9996,14734,14000,11/1/2022
12/1/2022,GENOVA,20DV,14012,10484,15284,14573,12/1/2022
1/1/2023,GENOVA,20DV,14713,11059,16249,15570,1/1/2023
2/1/2023,GENOVA,20DV,15448,11702,16905,16199,2/1/2023
3/1/2023,GENOVA,20DV,15419,11592,16850,16251,3/1/2023
4/1/2023,GENOVA,20DV,15293,11429,17064,15938,4/1/2023
5/1/2023,GENOVA,20DV,14775,10975,16065,15489,5/1/2023
6/1/2023,GENOVA,20DV,14396,10686,15819,15227,6/1/2023
7/1/2023,GENOVA,20DV,13698,10310,15165,14349,7/1/2023
8/1/2023,GENOVA,20DV,13334,9867,14699,13952,8/1/2023
9/1/2023,GENOVA,20DV,13094,9583,14162,14035,9/1/2023
10/1/2023,GENOVA,20DV,13316,10002,14728,14024,10/1/2023
11/1/2023,GENOVA,20DV,13580,10343,14751,14359,11/1/2023
12/1/2023,GENOVA,20DV,14259,10789,15622,15078,12/1/2023
1/1/2024,GENOVA,20DV,14972,11226,16433,15735,1/1/2024
2/1/2024,GENOVA,20DV,15678,11822,16788,16545,2/1/2024
3/1/2024,GENOVA,20DV,16015,11747,17600,16660,3/1/2024
4/1/2024,GENOVA,20DV,15700,11667,17375,16712,4/1/2024
5/1/2024,GENOVA,20DV,14973,11481,16445,15908,5/1/2024
6/1/2024,GENOVA,20DV,14508,11053,15986,15261,6/1/2024
7/1/2024,GENOVA,20DV,13782,10238,15472,14472,7/1/2024
8/1/2024,GENOVA,20DV,13553,10403,15061,14063,8/1/2024
9/1/2024,GENOVA,20DV,13158,9774,14482,13951,9/1/2024
10/1/2024,GENOVA,20DV,13388,9931,15073,14023,10/1/2024
11/1/2024,GENOVA,20DV,14058,10759,15374,14847,11/1/2024
12/1/2024,GENOVA,20DV,14685,11206,16230,15208,12/1/2024
1/1/2025,GENOVA,20DV,15178,11294,16457,16033,1/1/2025
2/1/2025,GENOVA,20DV,15776,11824,17416,16537,2/1/2025
3/1/2025,GENOVA,20DV,16080,12005,17670,16886,3/1/2025
4/1/2025,GENOVA,20DV,15909,12012,17510,16479,4/1/2025
5/1/2025,GENOVA,20DV,15162,11609,16734,16023,5/1/2025
6/1/2025,GENOVA,20DV,14859,11223,16387,15511,6/1/2025
7/1/2025,GENOVA,20DV,14141,10590,15403,14841,7/1/2025
8/1/2025,GENOVA,20DV,13959,10281,15301,14769,8/1/2025
9/1/2025,GENOVA,20DV,13607,10311,14969,14276,9/1/2025
10/1/2025,GENOVA,20DV,13843,10213,15029,14810,10/1/2025
11/1/2025,GENOVA,20DV,14212,10632,15747,14795,11/1/2025
12/1/2025,GENOVA,20DV,14919,11332,16692,15701,12/1/2025
1/1/2018,GENOVA,40HC,20608,15658,22729,21262,1/1/2018
2/1/2018,GENOVA,40HC,21588,16072,23360,22709,2/1/2018
3/1/2018,GENOVA,40HC,21490,15971,23684,22659,3/1/2018
4/1/2018,GENOVA,40HC,21446,16159,23237,22815,4/1/2018
5/1/2018,GENOVA,40HC,20410,15338,22387,21404,5/1/2018
6/1/2018,GENOVA,40HC,19730,14811,21553,20441,6/1/2018
7/1/2018,GENOVA,40HC,19409,13819,21361,20233,7/1/2018
8/1/2018,GENOVA,40HC,18743,13846,20736,19781,8/1/2018
9/1/2018,GENOVA,40HC,18176,13475,19751,19069,9/1/2018
10/1/2018,GENOVA,40HC,18854,14262,20525,19849,10/1/2018
11/1/2018,GENOVA,40HC,18991,13970,20927,19873,11/1/2018
12/1/2018,GENOVA,40HC,19940,14746,22071,21310,12/1/2018
1/1/2019,GENOVA,40HC,20937,15670,23327,22346,1/1/2019
2/1/2019,GENOVA,40HC,21612,15931,23671,22491,2/1/2019
3/1/2019,GENOVA,40HC,22289,16860,24185,23606,3/1/2019
4/1/2019,GENOVA,40HC,22181,16549,24440,23357,4/1/2019
5/1/2019,GENOVA,40HC,21254,16330,23211,22320,5/1/2019
6/1/2019,GENOVA,40HC,20711,15403,22591,21569,6/1/2019
7/1/2019,GENOVA,40HC,19676,14644,21921,20979,7/1/2019
8/1/2019,GENOVA,40HC,19007,14408,21025,20179,8/1/2019
9/1/2019,GENOVA,40HC,18793,13972,20535,19459,9/1/2019
10/1/2019,GENOVA,40HC,18767,14359,20640,19965,10/1/2019
11/1/2019,GENOVA,40HC,19682,14857,21633,20659,11/1/2019
12/1/2019,GENOVA,40HC,20545,15346,22633,21449,12/1/2019
1/1/2020,GENOVA,40HC,21572,16144,23642,22440,1/1/2020
2/1/2020,GENOVA,40HC,21865,17022,23636,23165,2/1/2020
3/1/2020,GENOVA,40HC,22547,17020,24582,23765,3/1/2020
4/1/2020,GENOVA,40HC,21419,16096,23447,22303,4/1/2020
5/1/2020,GENOVA,40HC,20348,15234,22389,21200,5/1/2020
6/1/2020,GENOVA,40HC,19331,14699,21055,20223,6/1/2020
7/1/2020,GENOVA,40HC,18364,13494,20235,19188,7/1/2020
8/1/2020,GENOVA,40HC,17446,13053,19124,18410,8/1/2020
9/1/2020,GENOVA,40HC,16574,11961,18106,17465,9/1/2020
10/1/2020,GENOVA,40HC,15745,11725,17119,16432,10/1/2020
11/1/2020,GENOVA,40HC,16401,12440,18114,16949,11/1/2020
12/1/2020,GENOVA,40HC,17156,13104,18944,17785,12/1/2020
1/1/2021,GENOVA,40HC,18014,13620,19960,19071,1/1/2021
2/1/2021,GENOVA,40HC,18520,14009,20474,19262,2/1/2021
3/1/2021,GENOVA,40HC,18763,13750,20756,19722,3/1/2021
4/1/2021,GENOVA,40HC,19701,14642,21746,20339,4/1/2021
5/1/2021,GENOVA,40HC,20686,15819,22391,21802,5/1/2021
6/1/2021,GENOVA,40HC,21519,16027,23611,23008,6/1/2021
7/1/2021,GENOVA,40HC,20443,15304,22194,21194,7/1/2021
8/1/2021,GENOVA,40HC,19707,14621,21948,20801,8/1/2021
9/1/2021,GENOVA,40HC,18932,14022,20823,19930,9/1/2021
10/1/2021,GENOVA,40HC,19879,14816,22119,21055,10/1/2021
11/1/2021,GENOVA,40HC,20467,15215,22303,21463,11/1/2021
12/1/2021,GENOVA,40HC,21372,16234,23490,22499,12/1/2021
1/1/2022,GENOVA,40HC,22373,16828,24669,23532,1/1/2022
2/1/2022,GENOVA,40HC,22988,17475,25211,24269,2/1/2022
3/1/2022,GENOVA,40HC,23040,16960,25387,23999,3/1/2022
4/1/2022,GENOVA,40HC,23276,17742,25949,24485,4/1/2022
5/1/2022,GENOVA,40HC,22745,17064,24785,24067,5/1/2022
6/1/2022,GENOVA,40HC,21843,16784,23451,23190,6/1/2022
7/1/2022,GENOVA,40HC,20775,15570,23185,21917,7/1/2022
8/1/2022,GENOVA,40HC,20038,14729,21883,20813,8/1/2022
9/1/2022,GENOVA,40HC,19663,15000,21850,20341,9/1/2022
10/1/2022,GENOVA,40HC,19962,14944,22088,21042,10/1/2022
11/1/2022,GENOVA,40HC,20833,15176,22871,21664,11/1/2022
12/1/2022,GENOVA,40HC,21539,16186,23775,22798,12/1/2022
1/1/2023,GENOVA,40HC,22615,17014,24619,23681,1/1/2023
2/1/2023,GENOVA,40HC,23746,18065,26141,25174,2/1/2023
3/1/2023,GENOVA,40HC,23617,16865,26119,25300,3/1/2023
4/1/2023,GENOVA,40HC,23238,17695,25382,24385,4/1/2023
5/1/2023,GENOVA,40HC,22755,16958,24944,23866,5/1/2023
6/1/2023,GENOVA,40HC,22234,17104,24527,23571,6/1/2023
7/1/2023,GENOVA,40HC,21123,15479,23515,22404,7/1/2023
8/1/2023,GENOVA,40HC,20588,15553,22646,21968,8/1/2023
9/1/2023,GENOVA,40HC,20125,15177,22051,21171,9/1/2023
10/1/2023,GENOVA,40HC,20546,15323,22571,21443,10/1/2023
11/1/2023,GENOVA,40HC,21232,15760,23602,22295,11/1/2023
12/1/2023,GENOVA,40HC,22217,16580,24296,23189,12/1/2023
1/1/2024,GENOVA,40HC,23328,17415,25591,24550,1/1/2024
2/1/2024,GENOVA,40HC,24266,17895,26539,25269,2/1/2024
3/1/2024,GENOVA,40HC,24064,18287,26421,25484,3/1/2024
4/1/2024,GENOVA,40HC,23917,17677,26360,25280,4/1/2024
5/1/2024,GENOVA,40HC,23023,17503,25563,24206,5/1/2024
6/1/2024,GENOVA,40HC,22347,16360,24107,23470,6/1/2024
7/1/2024,GENOVA,40HC,21509,16094,23779,22542,7/1/2024
8/1/2024,GENOVA,40HC,20764,15539,22655,22075,8/1/2024
9/1/2024,GENOVA,40HC,20504,15375,22676,21773,9/1/2024
10/1/2024,GENOVA,40HC,21063,15999,23430,22147,10/1/2024
11/1/2024,GENOVA,40HC,21699,16230,24085,22598,11/1/2024
12/1/2024,GENOVA,40HC,22489,16764,24773,23349,12/1/2024
1/1/2025,GENOVA,40HC,23409,17510,25945,24647,1/1/2025
2/1/2025,GENOVA,40HC,24429,18561,26641,25495,2/1/2025
3/1/2025,GENOVA,40HC,24529,18101,26965,25872,3/1/2025
4/1/2025,GENOVA,40HC,24700,18273,27545,25839,4/1/2025
5/1/2025,GENOVA,40HC,23465,17140,25626,24820,5/1/2025
6/1/2025,GENOVA,40HC,22673,17464,24985,23854,6/1/2025
7/1/2025,GENOVA,40HC,21760,16068,23856,23065,7/1/2025
8/1/2025,GENOVA,40HC,21121,15443,23192,21705,8/1/2025
9/1/2025,GENOVA,40HC,21177,15711,23381,22188,9/1/2025
10/1/2025,GENOVA,40HC,20721,15414,22737,22216,10/1/2025
11/1/2025,GENOVA,40HC,21757,16637,23932,22300,11/1/2025
12/1/2025,GENOVA,40HC,22845,17028,25014,24180,12/1/2025
1/1/2018,GIOIA TAURO,20DV,18862,13965,20687,20035,1/1/2018
2/1/2018,GIOIA TAURO,20DV,19482,14563,21398,20375,2/1/2018
3/1/2018,GIOIA TAURO,20DV,19504,14115,21831,20487,3/1/2018
4/1/2018,GIOIA TAURO,20DV,19606,14951,21604,20709,4/1/2018
5/1/2018,GIOIA TAURO,20DV,18976,14346,20730,19620,5/1/2018
6/1/2018,GIOIA TAURO,20DV,18074,13914,19665,19272,6/1/2018
7/1/2018,GIOIA TAURO,20DV,17627,13407,19561,18663,7/1/2018
8/1/2018,GIOIA TAURO,20DV,17136,13029,18877,18053,8/1/2018
9/1/2018,GIOIA TAURO,20DV,16727,12922,18267,17712,9/1/2018
10/1/2018,GIOIA TAURO,20DV,16903,12581,18707,17842,10/1/2018
11/1/2018,GIOIA TAURO,20DV,17162,12613,18906,18040,11/1/2018
12/1/2018,GIOIA TAURO,20DV,18020,13473,19523,18866,12/1/2018
1/1/2019,GIOIA TAURO,20DV,18921,14035,20924,19727,1/1/2019
2/1/2019,GIOIA TAURO,20DV,19867,14849,22119,20917,2/1/2019
3/1/2019,GIOIA TAURO,20DV,20015,14801,22529,21088,3/1/2019
4/1/2019,GIOIA TAURO,20DV,19899,15037,21896,21109,4/1/2019
5/1/2019,GIOIA TAURO,20DV,19603,14803,21609,20622,5/1/2019
6/1/2019,GIOIA TAURO,20DV,18623,13962,20784,19395,6/1/2019
7/1/2019,GIOIA TAURO,20DV,17734,13356,19537,18341,7/1/2019
8/1/2019,GIOIA TAURO,20DV,17052,12765,18804,17883,8/1/2019
9/1/2019,GIOIA TAURO,20DV,17077,12936,18677,17926,9/1/2019
10/1/2019,GIOIA TAURO,20DV,17447,13097,18948,18302,10/1/2019
11/1/2019,GIOIA TAURO,20DV,17509,13085,19420,18116,11/1/2019
12/1/2019,GIOIA TAURO,20DV,18385,13960,19989,19502,12/1/2019
1/1/2020,GIOIA TAURO,20DV,19304,14721,21455,20476,1/1/2020
2/1/2020,GIOIA TAURO,20DV,20269,15473,22136,21116,2/1/2020
3/1/2020,GIOIA TAURO,20DV,20521,15188,22628,21712,3/1/2020
4/1/2020,GIOIA TAURO,20DV,19494,14516,21371,20654,4/1/2020
5/1/2020,GIOIA TAURO,20DV,18520,13575,20590,19453,5/1/2020
6/1/2020,GIOIA TAURO,20DV,17594,13154,19406,18307,6/1/2020
7/1/2020,GIOIA TAURO,20DV,16714,12605,18713,17819,7/1/2020
8/1/2020,GIOIA TAURO,20DV,15878,11887,17294,16732,8/1/2020
9/1/2020,GIOIA TAURO,20DV,15084,11604,16655,15800,9/1/2020
10/1/2020,GIOIA TAURO,20DV,14431,10765,15881,15264,10/1/2020
11/1/2020,GIOIA TAURO,20DV,14821,10954,16345,15802,11/1/2020
12/1/2020,GIOIA TAURO,20DV,15142,11443,16898,15824,12/1/2020
1/1/2021,GIOIA TAURO,20DV,15899,11948,17582,16804,1/1/2021
2/1/2021,GIOIA TAURO,20DV,16694,12612,18172,17853,2/1/2021
3/1/2021,GIOIA TAURO,20DV,16967,12777,18754,17626,3/1/2021
4/1/2021,GIOIA TAURO,20DV,17816,13405,19524,18609,4/1/2021
5/1/2021,GIOIA TAURO,20DV,18707,13633,20489,19531,5/1/2021
6/1/2021,GIOIA TAURO,20DV,19148,14222,21263,20075,6/1/2021
7/1/2021,GIOIA TAURO,20DV,18543,13798,20286,19431,7/1/2021
8/1/2021,GIOIA TAURO,20DV,18228,13608,19982,19194,8/1/2021
9/1/2021,GIOIA TAURO,20DV,17645,13155,19415,18382,9/1/2021
10/1/2021,GIOIA TAURO,20DV,17983,13561,19951,18770,10/1/2021
11/1/2021,GIOIA TAURO,20DV,18308,13841,20245,19279,11/1/2021
12/1/2021,GIOIA TAURO,20DV,19223,14200,21100,20214,12/1/2021
1/1/2022,GIOIA TAURO,20DV,20184,15277,22147,21370,1/1/2022
2/1/2022,GIOIA TAURO,20DV,20790,15714,22628,21915,2/1/2022
3/1/2022,GIOIA TAURO,20DV,21420,16165,23399,22656,3/1/2022
4/1/2022,GIOIA TAURO,20DV,21270,15651,23258,22090,4/1/2022
5/1/2022,GIOIA TAURO,20DV,20475,15446,22492,21420,5/1/2022
6/1/2022,GIOIA TAURO,20DV,19451,14604,21783,20783,6/1/2022
7/1/2022,GIOIA TAURO,20DV,19207,14590,20998,20243,7/1/2022
8/1/2022,GIOIA TAURO,20DV,18351,14091,20132,19406,8/1/2022
9/1/2022,GIOIA TAURO,20DV,18295,14012,19749,19260,9/1/2022
10/1/2022,GIOIA TAURO,20DV,18193,13665,20122,19180,10/1/2022
11/1/2022,GIOIA TAURO,20DV,18795,14096,20378,19691,11/1/2022
12/1/2022,GIOIA TAURO,20DV,19678,14883,21467,21365,12/1/2022
1/1/2023,GIOIA TAURO,20DV,20662,15266,22944,21613,1/1/2023
2/1/2023,GIOIA TAURO,20DV,21438,15768,23131,22502,2/1/2023
3/1/2023,GIOIA TAURO,20DV,21350,15912,23505,21900,3/1/2023
4/1/2023,GIOIA TAURO,20DV,21463,16359,23781,22774,4/1/2023
5/1/2023,GIOIA TAURO,20DV,21160,15800,23599,22101,5/1/2023
6/1/2023,GIOIA TAURO,20DV,20102,15379,21927,21095,6/1/2023
7/1/2023,GIOIA TAURO,20DV,19244,13896,21048,20105,7/1/2023
8/1/2023,GIOIA TAURO,20DV,18398,13506,20570,19292,8/1/2023
9/1/2023,GIOIA TAURO,20DV,18160,13598,19971,19016,9/1/2023
10/1/2023,GIOIA TAURO,20DV,18514,14050,20229,19432,10/1/2023
11/1/2023,GIOIA TAURO,20DV,19156,14354,20934,20104,11/1/2023
12/1/2023,GIOIA TAURO,20DV,20041,15012,21850,21012,12/1/2023
1/1/2024,GIOIA TAURO,20DV,21043,15757,23055,22060,1/1/2024
2/1/2024,GIOIA TAURO,20DV,22095,16182,24545,23489,2/1/2024
3/1/2024,GIOIA TAURO,20DV,22028,16776,24426,23324,3/1/2024
4/1/2024,GIOIA TAURO,20DV,22028,16371,23972,23325,4/1/2024
5/1/2024,GIOIA TAURO,20DV,21191,16124,23356,22095,5/1/2024
6/1/2024,GIOIA TAURO,20DV,20679,15495,22664,21973,6/1/2024
7/1/2024,GIOIA TAURO,20DV,19645,14944,21763,20850,7/1/2024
8/1/2024,GIOIA TAURO,20DV,18858,14208,20714,19697,8/1/2024
9/1/2024,GIOIA TAURO,20DV,18938,14183,20902,20173,9/1/2024
10/1/2024,GIOIA TAURO,20DV,18939,14247,20803,19757,10/1/2024
11/1/2024,GIOIA TAURO,20DV,19751,14522,21294,20375,11/1/2024
12/1/2024,GIOIA TAURO,20DV,20462,15348,22518,21710,12/1/2024
1/1/2025,GIOIA TAURO,20DV,21486,16483,23361,22535,1/1/2025
2/1/2025,GIOIA TAURO,20DV,22321,17033,24720,23655,2/1/2025
3/1/2025,GIOIA TAURO,20DV,22559,16697,24662,23517,3/1/2025
4/1/2025,GIOIA TAURO,20DV,22517,17002,24632,23359,4/1/2025
5/1/2025,GIOIA TAURO,20DV,21791,16397,23968,23149,5/1/2025
6/1/2025,GIOIA TAURO,20DV,20954,15887,23170,21707,6/1/2025
7/1/2025,GIOIA TAURO,20DV,19922,14960,21880,20607,7/1/2025
8/1/2025,GIOIA TAURO,20DV,19198,14354,21433,19788,8/1/2025
9/1/2025,GIOIA TAURO,20DV,18962,14474,21171,19380,9/1/2025
10/1/2025,GIOIA TAURO,20DV,19456,14634,21735,20227,10/1/2025
11/1/2025,GIOIA TAURO,20DV,19432,14818,21330,19982,11/1/2025
12/1/2025,GIOIA TAURO,20DV,20404,15502,22142,21417,12/1/2025
1/1/2018,GIOIA TAURO,40HC,28804,21291,31742,29861,1/1/2018
2/1/2018,GIOIA TAURO,40HC,30239,22267,33225,31835,2/1/2018
3/1/2018,GIOIA TAURO,40HC,30326,22860,33418,31516,3/1/2018
4/1/2018,GIOIA TAURO,40HC,29489,22005,31485,31161,4/1/2018
5/1/2018,GIOIA TAURO,40HC,28952,21900,31769,30676,5/1/2018
6/1/2018,GIOIA TAURO,40HC,28462,20784,31277,29635,6/1/2018
7/1/2018,GIOIA TAURO,40HC,27039,20472,29651,27871,7/1/2018
8/1/2018,GIOIA TAURO,40HC,25948,20135,28486,27426,8/1/2018
9/1/2018,GIOIA TAURO,40HC,26086,19558,28878,27880,9/1/2018
10/1/2018,GIOIA TAURO,40HC,25834,19384,28263,27233,10/1/2018
11/1/2018,GIOIA TAURO,40HC,26698,20071,29955,28076,11/1/2018
12/1/2018,GIOIA TAURO,40HC,27973,20459,30963,29601,12/1/2018
1/1/2019,GIOIA TAURO,40HC,29372,22154,32307,31065,1/1/2019
2/1/2019,GIOIA TAURO,40HC,30344,22271,33316,31610,2/1/2019
3/1/2019,GIOIA TAURO,40HC,30708,22900,33752,32041,3/1/2019
4/1/2019,GIOIA TAURO,40HC,30406,23182,33168,32112,4/1/2019
5/1/2019,GIOIA TAURO,40HC,30358,22545,33365,31832,5/1/2019
6/1/2019,GIOIA TAURO,40HC,29185,22035,32185,31029,6/1/2019
7/1/2019,GIOIA TAURO,40HC,27725,21075,30658,28916,7/1/2019
8/1/2019,GIOIA TAURO,40HC,26684,20087,29507,28218,8/1/2019
9/1/2019,GIOIA TAURO,40HC,26469,19489,29043,27883,9/1/2019
10/1/2019,GIOIA TAURO,40HC,26978,20144,29294,28293,10/1/2019
11/1/2019,GIOIA TAURO,40HC,27161,20903,29695,28838,11/1/2019
12/1/2019,GIOIA TAURO,40HC,28519,20812,31831,30139,12/1/2019
1/1/2020,GIOIA TAURO,40HC,29905,22346,33163,31100,1/1/2020
2/1/2020,GIOIA TAURO,40HC,30939,23033,34147,32684,2/1/2020
3/1/2020,GIOIA TAURO,40HC,31735,23840,34667,33758,3/1/2020
4/1/2020,GIOIA TAURO,40HC,30148,22837,33164,31616,4/1/2020
5/1/2020,GIOIA TAURO,40HC,28641,21941,31145,30002,5/1/2020
6/1/2020,GIOIA TAURO,40HC,27209,20333,29780,28387,6/1/2020
7/1/2020,GIOIA TAURO,40HC,25848,19596,28369,27137,7/1/2020
8/1/2020,GIOIA TAURO,40HC,24556,18540,26923,25952,8/1/2020
9/1/2020,GIOIA TAURO,40HC,23328,17607,25884,24304,9/1/2020
10/1/2020,GIOIA TAURO,40HC,22162,16497,24064,22972,10/1/2020
11/1/2020,GIOIA TAURO,40HC,23136,17121,25249,24206,11/1/2020
12/1/2020,GIOIA TAURO,40HC,23837,17616,25893,24700,12/1/2020
1/1/2021,GIOIA TAURO,40HC,25029,18582,27222,26411,1/1/2021
2/1/2021,GIOIA TAURO,40HC,26203,19737,28856,27401,2/1/2021
3/1/2021,GIOIA TAURO,40HC,26053,19738,28241,26898,3/1/2021
4/1/2021,GIOIA TAURO,40HC,27356,20605,30298,28628,4/1/2021
5/1/2021,GIOIA TAURO,40HC,28724,21385,31526,30105,5/1/2021
6/1/2021,GIOIA TAURO,40HC,29167,22402,32104,30756,6/1/2021
7/1/2021,GIOIA TAURO,40HC,28381,21717,31311,29759,7/1/2021
8/1/2021,GIOIA TAURO,40HC,27782,20738,30440,29690,8/1/2021
9/1/2021,GIOIA TAURO,40HC,27398,20323,30421,28626,9/1/2021
10/1/2021,GIOIA TAURO,40HC,27620,20751,30328,28984,10/1/2021
11/1/2021,GIOIA TAURO,40HC,29001,22118,32073,30421,11/1/2021
12/1/2021,GIOIA TAURO,40HC,29803,22451,32724,31209,12/1/2021
1/1/2022,GIOIA TAURO,40HC,31293,23644,34513,32902,1/1/2022
2/1/2022,GIOIA TAURO,40HC,32857,24573,36235,34678,2/1/2022
3/1/2022,GIOIA TAURO,40HC,32237,24325,35541,34281,3/1/2022
4/1/2022,GIOIA TAURO,40HC,31999,24493,34887,33097,4/1/2022
5/1/2022,GIOIA TAURO,40HC,31998,23922,35337,33435,5/1/2022
6/1/2022,GIOIA TAURO,40HC,30398,22842,33341,31782,6/1/2022
7/1/2022,GIOIA TAURO,40HC,29039,21853,32126,30763,7/1/2022
8/1/2022,GIOIA TAURO,40HC,28446,21415,30678,29767,8/1/2022
9/1/2022,GIOIA TAURO,40HC,28069,20655,30465,28940,9/1/2022
10/1/2022,GIOIA TAURO,40HC,28639,20942,31607,30096,10/1/2022
11/1/2022,GIOIA TAURO,40HC,29465,21798,32960,30928,11/1/2022
12/1/2022,GIOIA TAURO,40HC,30563,22974,33875,32146,12/1/2022
1/1/2023,GIOIA TAURO,40HC,31784,24014,34745,33043,1/1/2023
2/1/2023,GIOIA TAURO,40HC,33196,24721,35954,35426,2/1/2023
3/1/2023,GIOIA TAURO,40HC,33369,25486,36954,34929,3/1/2023
4/1/2023,GIOIA TAURO,40HC,32497,24326,35721,34061,4/1/2023
5/1/2023,GIOIA TAURO,40HC,32486,24371,35926,33818,5/1/2023
6/1/2023,GIOIA TAURO,40HC,31049,23227,34190,32312,6/1/2023
7/1/2023,GIOIA TAURO,40HC,29581,22225,32548,30698,7/1/2023
8/1/2023,GIOIA TAURO,40HC,28599,21651,32305,29916,8/1/2023
9/1/2023,GIOIA TAURO,40HC,27996,21183,30794,29128,9/1/2023
10/1/2023,GIOIA TAURO,40HC,28723,21284,31550,30750,10/1/2023
11/1/2023,GIOIA TAURO,40HC,29707,22733,32642,30631,11/1/2023
12/1/2023,GIOIA TAURO,40HC,30544,22574,33420,31727,12/1/2023
1/1/2024,GIOIA TAURO,40HC,32071,24079,35596,33546,1/1/2024
2/1/2024,GIOIA TAURO,40HC,33165,24783,36364,35047,2/1/2024
3/1/2024,GIOIA TAURO,40HC,33150,24515,36676,34670,3/1/2024
4/1/2024,GIOIA TAURO,40HC,33881,25385,37366,35804,4/1/2024
5/1/2024,GIOIA TAURO,40HC,32483,24122,36127,33787,5/1/2024
6/1/2024,GIOIA TAURO,40HC,31320,23513,34584,32905,6/1/2024
7/1/2024,GIOIA TAURO,40HC,29853,22510,32476,31866,7/1/2024
8/1/2024,GIOIA TAURO,40HC,28719,21962,31210,29877,8/1/2024
9/1/2024,GIOIA TAURO,40HC,29213,22000,32546,30796,9/1/2024
10/1/2024,GIOIA TAURO,40HC,28986,21562,31708,30495,10/1/2024
11/1/2024,GIOIA TAURO,40HC,30436,22708,33078,31273,11/1/2024
12/1/2024,GIOIA TAURO,40HC,31613,23754,34563,33007,12/1/2024
1/1/2025,GIOIA TAURO,40HC,33092,24850,36820,35121,1/1/2025
2/1/2025,GIOIA TAURO,40HC,33761,25814,36658,35495,2/1/2025
3/1/2025,GIOIA TAURO,40HC,34221,26143,37347,35517,3/1/2025
4/1/2025,GIOIA TAURO,40HC,33718,25167,36865,35637,4/1/2025
5/1/2025,GIOIA TAURO,40HC,33890,25232,36855,35422,5/1/2025
6/1/2025,GIOIA TAURO,40HC,32195,23323,35033,33921,6/1/2025
7/1/2025,GIOIA TAURO,40HC,30996,23077,33625,32663,7/1/2025
8/1/2025,GIOIA TAURO,40HC,29446,21797,32255,30589,8/1/2025
9/1/2025,GIOIA TAURO,40HC,29420,21961,32258,31123,9/1/2025
10/1/2025,GIOIA TAURO,40HC,30058,22661,32859,31258,10/1/2025
11/1/2025,GIOIA TAURO,40HC,30541,22960,33090,31669,11/1/2025
12/1/2025,GIOIA TAURO,40HC,32068,24041,35677,33388,12/1/2025
1/1/2018,LA SPEZIA,20DV,16301,12134,17894,16851,1/1/2018
2/1/2018,LA SPEZIA,20DV,16817,12873,18331,17685,2/1/2018
3/1/2018,LA SPEZIA,20DV,16597,12643,18367,17340,3/1/2018
4/1/2018,LA SPEZIA,20DV,16565,12389,18091,17534,4/1/2018
5/1/2018,LA SPEZIA,20DV,16396,12325,17901,17129,5/1/2018
6/1/2018,LA SPEZIA,20DV,15656,11492,17119,16364,6/1/2018
7/1/2018,LA SPEZIA,20DV,14949,11185,16453,15749,7/1/2018
8/1/2018,LA SPEZIA,20DV,14553,10938,15892,15531,8/1/2018
9/1/2018,LA SPEZIA,20DV,14425,10984,15704,14989,9/1/2018
10/1/2018,LA SPEZIA,20DV,14477,10905,15829,15348,10/1/2018
11/1/2018,LA SPEZIA,20DV,14972,11294,16442,15851,11/1/2018
12/1/2018,LA SPEZIA,20DV,15594,11742,17224,16339,12/1/2018
1/1/2019,LA SPEZIA,20DV,16374,12325,18022,17303,1/1/2019
2/1/2019,LA SPEZIA,20DV,17069,12563,18591,17874,2/1/2019
3/1/2019,LA SPEZIA,20DV,17495,13048,19285,18785,3/1/2019
4/1/2019,LA SPEZIA,20DV,17309,13230,19096,18155,4/1/2019
5/1/2019,LA SPEZIA,20DV,16444,12468,18014,17279,5/1/2019
6/1/2019,LA SPEZIA,20DV,16003,12081,17476,16751,6/1/2019
7/1/2019,LA SPEZIA,20DV,15379,11545,16794,15888,7/1/2019
8/1/2019,LA SPEZIA,20DV,14749,11159,16145,15448,8/1/2019
9/1/2019,LA SPEZIA,20DV,14498,10737,16269,15257,9/1/2019
10/1/2019,LA SPEZIA,20DV,14614,10730,15945,15564,10/1/2019
11/1/2019,LA SPEZIA,20DV,15208,11348,16769,16043,11/1/2019
12/1/2019,LA SPEZIA,20DV,15968,12062,17451,16736,12/1/2019
1/1/2020,LA SPEZIA,20DV,16766,12593,18358,17614,1/1/2020
2/1/2020,LA SPEZIA,20DV,17242,13106,18844,18161,2/1/2020
3/1/2020,LA SPEZIA,20DV,17303,13038,19172,18103,3/1/2020
4/1/2020,LA SPEZIA,20DV,16438,12336,18144,17372,4/1/2020
5/1/2020,LA SPEZIA,20DV,15616,11919,17157,16651,5/1/2020
6/1/2020,LA SPEZIA,20DV,14835,11294,16393,15523,6/1/2020
7/1/2020,LA SPEZIA,20DV,14093,10556,15607,14968,7/1/2020
8/1/2020,LA SPEZIA,20DV,13389,9894,14614,14176,8/1/2020
9/1/2020,LA SPEZIA,20DV,12719,9424,14061,13423,9/1/2020
10/1/2020,LA SPEZIA,20DV,12472,9334,13630,13110,10/1/2020
11/1/2020,LA SPEZIA,20DV,12629,9425,13998,13303,11/1/2020
12/1/2020,LA SPEZIA,20DV,13223,10136,14643,13855,12/1/2020
1/1/2021,LA SPEZIA,20DV,13884,10180,15328,14833,1/1/2021
2/1/2021,LA SPEZIA,20DV,14393,10786,15802,15009,2/1/2021
3/1/2021,LA SPEZIA,20DV,14519,10734,15895,15410,3/1/2021
4/1/2021,LA SPEZIA,20DV,15245,11452,16729,16244,4/1/2021
5/1/2021,LA SPEZIA,20DV,16007,12066,17731,16756,5/1/2021
6/1/2021,LA SPEZIA,20DV,16496,12305,18033,17513,6/1/2021
7/1/2021,LA SPEZIA,20DV,15997,12083,17605,16820,7/1/2021
8/1/2021,LA SPEZIA,20DV,15597,11667,16884,16387,8/1/2021
9/1/2021,LA SPEZIA,20DV,15263,11420,16829,16015,9/1/2021
10/1/2021,LA SPEZIA,20DV,15349,11448,16725,15869,10/1/2021
11/1/2021,LA SPEZIA,20DV,15735,11904,17101,16608,11/1/2021
12/1/2021,LA SPEZIA,20DV,16300,12248,18015,17350,12/1/2021
1/1/2022,LA SPEZIA,20DV,17115,13106,18862,17850,1/1/2022
2/1/2022,LA SPEZIA,20DV,17971,13706,19688,19022,2/1/2022
3/1/2022,LA SPEZIA,20DV,18438,13931,20226,19344,3/1/2022
4/1/2022,LA SPEZIA,20DV,18193,13252,20425,18904,4/1/2022
5/1/2022,LA SPEZIA,20DV,17414,12802,19122,18458,5/1/2022
6/1/2022,LA SPEZIA,20DV,16648,12650,18279,17761,6/1/2022
7/1/2022,LA SPEZIA,20DV,16241,12104,17971,16924,7/1/2022
8/1/2022,LA SPEZIA,20DV,15582,11723,17154,16395,8/1/2022
9/1/2022,LA SPEZIA,20DV,15559,11571,17269,16113,9/1/2022
10/1/2022,LA SPEZIA,20DV,15566,11755,17166,16338,10/1/2022
11/1/2022,LA SPEZIA,20DV,16035,12180,17761,16915,11/1/2022
12/1/2022,LA SPEZIA,20DV,16824,12414,18581,17960,12/1/2022
1/1/2023,LA SPEZIA,20DV,17665,13105,19545,18823,1/1/2023
2/1/2023,LA SPEZIA,20DV,18405,13498,20238,19628,2/1/2023
3/1/2023,LA SPEZIA,20DV,18751,14107,20668,19590,3/1/2023
4/1/2023,LA SPEZIA,20DV,18123,13290,19886,18985,4/1/2023
5/1/2023,LA SPEZIA,20DV,17658,13179,19530,18247,5/1/2023
6/1/2023,LA SPEZIA,20DV,17145,12948,18629,17880,6/1/2023
7/1/2023,LA SPEZIA,20DV,16830,12969,18635,17427,7/1/2023
8/1/2023,LA SPEZIA,20DV,16079,12118,17847,16942,8/1/2023
9/1/2023,LA SPEZIA,20DV,15619,11910,17297,16291,9/1/2023
10/1/2023,LA SPEZIA,20DV,15959,12011,17538,16581,10/1/2023
11/1/2023,LA SPEZIA,20DV,16510,12434,18244,17277,11/1/2023
12/1/2023,LA SPEZIA,20DV,17062,12761,18636,17713,12/1/2023
1/1/2024,LA SPEZIA,20DV,17916,13368,19858,18867,1/1/2024
2/1/2024,LA SPEZIA,20DV,18653,14209,20313,19639,2/1/2024
3/1/2024,LA SPEZIA,20DV,18813,14180,20806,19694,3/1/2024
4/1/2024,LA SPEZIA,20DV,18918,14252,20911,19726,4/1/2024
5/1/2024,LA SPEZIA,20DV,17972,13370,19842,18630,5/1/2024
6/1/2024,LA SPEZIA,20DV,17304,12918,18957,18265,6/1/2024
7/1/2024,LA SPEZIA,20DV,16636,12821,18426,17506,7/1/2024
8/1/2024,LA SPEZIA,20DV,16124,12082,17440,17005,8/1/2024
9/1/2024,LA SPEZIA,20DV,15957,12179,17677,16706,9/1/2024
10/1/2024,LA SPEZIA,20DV,16341,12171,18006,17122,10/1/2024
11/1/2024,LA SPEZIA,20DV,16957,12854,18831,18049,11/1/2024
12/1/2024,LA SPEZIA,20DV,17632,13275,19430,18408,12/1/2024
1/1/2025,LA SPEZIA,20DV,18307,13656,20474,19165,1/1/2025
2/1/2025,LA SPEZIA,20DV,18996,14370,20717,20087,2/1/2025
3/1/2025,LA SPEZIA,20DV,19294,14173,21341,20317,3/1/2025
4/1/2025,LA SPEZIA,20DV,19062,14406,20799,19625,4/1/2025
5/1/2025,LA SPEZIA,20DV,18737,14200,20587,19358,5/1/2025
6/1/2025,LA SPEZIA,20DV,17800,13399,19712,18572,6/1/2025
7/1/2025,LA SPEZIA,20DV,17099,13048,18916,18110,7/1/2025
8/1/2025,LA SPEZIA,20DV,16487,12354,18479,17422,8/1/2025
9/1/2025,LA SPEZIA,20DV,16402,12277,17985,17307,9/1/2025
10/1/2025,LA SPEZIA,20DV,16373,12338,18221,17294,10/1/2025
11/1/2025,LA SPEZIA,20DV,16914,12832,18562,17596,11/1/2025
12/1/2025,LA SPEZIA,20DV,17654,13341,19296,18643,12/1/2025
1/1/2018,LA SPEZIA,40HC,24402,18686,26387,25700,1/1/2018
2/1/2018,LA SPEZIA,40HC,25382,19120,27608,26471,2/1/2018
3/1/2018,LA SPEZIA,40HC,26524,19845,29090,27340,3/1/2018
4/1/2018,LA SPEZIA,40HC,25751,19271,28246,27255,4/1/2018
5/1/2018,LA SPEZIA,40HC,24973,19012,27558,26554,5/1/2018
6/1/2018,LA SPEZIA,40HC,23725,17771,25816,24818,6/1/2018
7/1/2018,LA SPEZIA,40HC,22983,17313,25203,24181,7/1/2018
8/1/2018,LA SPEZIA,40HC,22348,17100,24473,23451,8/1/2018
9/1/2018,LA SPEZIA,40HC,21726,16219,24013,22907,9/1/2018
10/1/2018,LA SPEZIA,40HC,22365,16529,24919,23680,10/1/2018
11/1/2018,LA SPEZIA,40HC,23314,17293,26047,24560,11/1/2018
12/1/2018,LA SPEZIA,40HC,23916,18279,25932,25194,12/1/2018
1/1/2019,LA SPEZIA,40HC,25112,18857,27611,26684,1/1/2019
2/1/2019,LA SPEZIA,40HC,25641,19102,27920,26881,2/1/2019
3/1/2019,LA SPEZIA,40HC,26068,19805,28658,27612,3/1/2019
4/1/2019,LA SPEZIA,40HC,26453,20104,29210,27558,4/1/2019
5/1/2019,LA SPEZIA,40HC,25291,18848,27841,26962,5/1/2019
6/1/2019,LA SPEZIA,40HC,24252,17953,26665,25644,6/1/2019
7/1/2019,LA SPEZIA,40HC,23338,17137,26018,24411,7/1/2019
8/1/2019,LA SPEZIA,40HC,22771,16670,25212,23428,8/1/2019
9/1/2019,LA SPEZIA,40HC,22261,16637,24426,23374,9/1/2019
10/1/2019,LA SPEZIA,40HC,22813,16906,25100,23684,10/1/2019
11/1/2019,LA SPEZIA,40HC,23181,17817,25701,24410,11/1/2019
12/1/2019,LA SPEZIA,40HC,24340,18269,26922,25910,12/1/2019
1/1/2020,LA SPEZIA,40HC,25557,18671,28004,26876,1/1/2020
2/1/2020,LA SPEZIA,40HC,26835,20507,29042,28129,2/1/2020
3/1/2020,LA SPEZIA,40HC,26954,20259,29330,28394,3/1/2020
4/1/2020,LA SPEZIA,40HC,25606,19385,28204,26959,4/1/2020
5/1/2020,LA SPEZIA,40HC,24326,18410,26324,24968,5/1/2020
6/1/2020,LA SPEZIA,40HC,23110,17401,25386,24321,6/1/2020
7/1/2020,LA SPEZIA,40HC,21954,16580,24050,23188,7/1/2020
8/1/2020,LA SPEZIA,40HC,20857,15693,23151,21846,8/1/2020
9/1/2020,LA SPEZIA,40HC,19814,14641,21534,20999,9/1/2020
10/1/2020,LA SPEZIA,40HC,18823,14186,20342,19740,10/1/2020
11/1/2020,LA SPEZIA,40HC,19468,14800,21333,20591,11/1/2020
12/1/2020,LA SPEZIA,40HC,20441,15288,22615,21928,12/1/2020
1/1/2021,LA SPEZIA,40HC,21409,16175,23779,22459,1/1/2021
2/1/2021,LA SPEZIA,40HC,22479,16954,24522,23166,2/1/2021
3/1/2021,LA SPEZIA,40HC,22641,17392,25012,23697,3/1/2021
4/1/2021,LA SPEZIA,40HC,23773,17770,25886,24551,4/1/2021
5/1/2021,LA SPEZIA,40HC,24962,18649,27271,26363,5/1/2021
6/1/2021,LA SPEZIA,40HC,25914,19405,28652,27549,6/1/2021
7/1/2021,LA SPEZIA,40HC,24651,18463,27293,26055,7/1/2021
8/1/2021,LA SPEZIA,40HC,23767,17285,25906,25031,8/1/2021
9/1/2021,LA SPEZIA,40HC,23074,17157,25491,24079,9/1/2021
10/1/2021,LA SPEZIA,40HC,24063,18119,26020,25645,10/1/2021
11/1/2021,LA SPEZIA,40HC,24679,18507,27097,26099,11/1/2021
12/1/2021,LA SPEZIA,40HC,25402,18848,27654,26744,12/1/2021
1/1/2022,LA SPEZIA,40HC,26672,19827,29124,28060,1/1/2022
2/1/2022,LA SPEZIA,40HC,27664,20650,30077,29078,2/1/2022
3/1/2022,LA SPEZIA,40HC,27657,20521,30576,29165,3/1/2022
4/1/2022,LA SPEZIA,40HC,27585,20547,30496,28795,4/1/2022
5/1/2022,LA SPEZIA,40HC,27163,20226,29692,28935,5/1/2022
6/1/2022,LA SPEZIA,40HC,25804,19584,28481,27134,6/1/2022
7/1/2022,LA SPEZIA,40HC,24805,18856,27350,26194,7/1/2022
8/1/2022,LA SPEZIA,40HC,24152,18339,26536,25255,8/1/2022
9/1/2022,LA SPEZIA,40HC,23871,18005,26773,25154,9/1/2022
10/1/2022,LA SPEZIA,40HC,23840,17711,26024,24488,10/1/2022
11/1/2022,LA SPEZIA,40HC,24589,18678,27051,25543,11/1/2022
12/1/2022,LA SPEZIA,40HC,25818,19282,28301,27101,12/1/2022
1/1/2023,LA SPEZIA,40HC,27109,20338,29719,28106,1/1/2023
2/1/2023,LA SPEZIA,40HC,28465,21730,31357,30583,2/1/2023
3/1/2023,LA SPEZIA,40HC,28374,21304,31128,29319,3/1/2023
4/1/2023,LA SPEZIA,40HC,28534,21471,31142,30059,4/1/2023
5/1/2023,LA SPEZIA,40HC,27340,20119,30108,29160,5/1/2023
6/1/2023,LA SPEZIA,40HC,26092,19696,29010,27522,6/1/2023
7/1/2023,LA SPEZIA,40HC,25561,18920,28358,26760,7/1/2023
8/1/2023,LA SPEZIA,40HC,24567,18674,27074,25660,8/1/2023
9/1/2023,LA SPEZIA,40HC,24640,18435,26923,26038,9/1/2023
10/1/2023,LA SPEZIA,40HC,24790,18038,27315,25831,10/1/2023
11/1/2023,LA SPEZIA,40HC,25286,18874,28089,26520,11/1/2023
12/1/2023,LA SPEZIA,40HC,26281,19651,29222,27777,12/1/2023
1/1/2024,LA SPEZIA,40HC,27595,20830,30454,28890,1/1/2024
2/1/2024,LA SPEZIA,40HC,28797,21791,31572,30262,2/1/2024
3/1/2024,LA SPEZIA,40HC,28774,21486,31593,30125,3/1/2024
4/1/2024,LA SPEZIA,40HC,28984,22032,32106,30152,4/1/2024
5/1/2024,LA SPEZIA,40HC,27844,20001,30820,29567,5/1/2024
6/1/2024,LA SPEZIA,40HC,26766,19883,28972,28477,6/1/2024
7/1/2024,LA SPEZIA,40HC,25665,18963,28401,26867,7/1/2024
8/1/2024,LA SPEZIA,40HC,25075,18492,27761,26262,8/1/2024
9/1/2024,LA SPEZIA,40HC,24558,18654,26796,25742,9/1/2024
10/1/2024,LA SPEZIA,40HC,25051,18996,27364,26439,10/1/2024
11/1/2024,LA SPEZIA,40HC,26304,19524,28735,27381,11/1/2024
12/1/2024,LA SPEZIA,40HC,26866,20466,29370,28186,12/1/2024
1/1/2025,LA SPEZIA,40HC,28209,21185,30630,29694,1/1/2025
2/1/2025,LA SPEZIA,40HC,28768,21455,31735,30391,2/1/2025
3/1/2025,LA SPEZIA,40HC,29564,21968,32288,30220,3/1/2025
4/1/2025,LA SPEZIA,40HC,28931,21473,31804,30494,4/1/2025
5/1/2025,LA SPEZIA,40HC,28348,21395,31042,29863,5/1/2025
6/1/2025,LA SPEZIA,40HC,27401,20729,30211,29047,6/1/2025
7/1/2025,LA SPEZIA,40HC,26031,19585,28371,27196,7/1/2025
8/1/2025,LA SPEZIA,40HC,25505,18606,28118,26648,8/1/2025
9/1/2025,LA SPEZIA,40HC,25248,19011,27871,26814,9/1/2025
10/1/2025,LA SPEZIA,40HC,25134,18993,27855,25998,10/1/2025
11/1/2025,LA SPEZIA,40HC,26163,19447,29294,27897,11/1/2025
12/1/2025,LA SPEZIA,40HC,26859,20156,28983,28888,12/1/2025
1/1/2018,LIVORNO,20DV,10794,7875,11994,11138,1/1/2018
2/1/2018,LIVORNO,20DV,11111,8344,12166,11558,2/1/2018
3/1/2018,LIVORNO,20DV,11248,8245,12424,11846,3/1/2018
4/1/2018,LIVORNO,20DV,11340,8640,12478,11959,4/1/2018
5/1/2018,LIVORNO,20DV,10846,8312,11817,11295,5/1/2018
6/1/2018,LIVORNO,20DV,10486,7850,11448,11149,6/1/2018
7/1/2018,LIVORNO,20DV,10051,7779,10868,10552,7/1/2018
8/1/2018,LIVORNO,20DV,9714,7308,10666,10040,8/1/2018
9/1/2018,LIVORNO,20DV,9543,7109,10505,10046,9/1/2018
10/1/2018,LIVORNO,20DV,9757,7267,10703,10169,10/1/2018
11/1/2018,LIVORNO,20DV,9809,7497,10887,10380,11/1/2018
12/1/2018,LIVORNO,20DV,10300,7807,11194,10838,12/1/2018
1/1/2019,LIVORNO,20DV,10815,7892,11902,11372,1/1/2019
2/1/2019,LIVORNO,20DV,11354,8302,12375,11889,2/1/2019
3/1/2019,LIVORNO,20DV,11455,8423,12644,12156,3/1/2019
4/1/2019,LIVORNO,20DV,11368,8459,12403,11833,4/1/2019
5/1/2019,LIVORNO,20DV,11122,8197,12325,11716,5/1/2019
6/1/2019,LIVORNO,20DV,10657,7911,11791,11194,6/1/2019
7/1/2019,LIVORNO,20DV,10323,7657,11390,10732,7/1/2019
8/1/2019,LIVORNO,20DV,10042,7419,11072,10537,8/1/2019
9/1/2019,LIVORNO,20DV,9866,7609,10881,10266,9/1/2019
10/1/2019,LIVORNO,20DV,9726,7433,10731,10411,10/1/2019
11/1/2019,LIVORNO,20DV,10131,7779,11198,10740,11/1/2019
12/1/2019,LIVORNO,20DV,10637,8156,11663,10995,12/1/2019
1/1/2020,LIVORNO,20DV,11169,8369,12161,11677,1/1/2020
2/1/2020,LIVORNO,20DV,11497,8635,12642,12142,2/1/2020
3/1/2020,LIVORNO,20DV,11751,8704,12986,12476,3/1/2020
4/1/2020,LIVORNO,20DV,11164,8390,12338,11820,4/1/2020
5/1/2020,LIVORNO,20DV,10606,7848,11850,11338,5/1/2020
6/1/2020,LIVORNO,20DV,10075,7395,11032,10592,6/1/2020
7/1/2020,LIVORNO,20DV,9572,7106,10394,10173,7/1/2020
8/1/2020,LIVORNO,20DV,9093,6899,9953,9442,8/1/2020
9/1/2020,LIVORNO,20DV,8638,6487,9465,9145,9/1/2020
10/1/2020,LIVORNO,20DV,8277,6258,9038,8673,10/1/2020
11/1/2020,LIVORNO,20DV,8519,6391,9282,8932,11/1/2020
12/1/2020,LIVORNO,20DV,8788,6510,9655,9349,12/1/2020
1/1/2021,LIVORNO,20DV,9227,6968,10143,9778,1/1/2021
2/1/2021,LIVORNO,20DV,9689,7276,10557,10157,2/1/2021
3/1/2021,LIVORNO,20DV,9851,7518,10723,10595,3/1/2021
4/1/2021,LIVORNO,20DV,10344,7898,11417,10991,4/1/2021
5/1/2021,LIVORNO,20DV,10861,8114,11998,11356,5/1/2021
6/1/2021,LIVORNO,20DV,11170,8391,12196,11458,6/1/2021
7/1/2021,LIVORNO,20DV,10611,7863,11654,11171,7/1/2021
8/1/2021,LIVORNO,20DV,10224,7580,11297,10695,8/1/2021
9/1/2021,LIVORNO,20DV,10189,7583,11221,10635,9/1/2021
10/1/2021,LIVORNO,20DV,10353,7816,11550,10819,10/1/2021
11/1/2021,LIVORNO,20DV,10679,7954,11604,11229,11/1/2021
12/1/2021,LIVORNO,20DV,10920,8359,11842,11610,12/1/2021
1/1/2022,LIVORNO,20DV,11466,8654,12695,11927,1/1/2022
2/1/2022,LIVORNO,20DV,11908,8899,13140,12495,2/1/2022
3/1/2022,LIVORNO,20DV,12238,9303,13395,12825,3/1/2022
4/1/2022,LIVORNO,20DV,12116,8998,13459,12622,4/1/2022
5/1/2022,LIVORNO,20DV,11719,8714,12815,12338,5/1/2022
6/1/2022,LIVORNO,20DV,11265,8601,12449,12028,6/1/2022
7/1/2022,LIVORNO,20DV,10702,7887,11753,11303,7/1/2022
8/1/2022,LIVORNO,20DV,10487,7850,11454,11019,8/1/2022
9/1/2022,LIVORNO,20DV,10171,7590,11145,10635,9/1/2022
10/1/2022,LIVORNO,20DV,10540,7828,11717,11072,10/1/2022
11/1/2022,LIVORNO,20DV,10749,8168,11782,11102,11/1/2022
12/1/2022,LIVORNO,20DV,11259,8541,12555,11815,12/1/2022
1/1/2023,LIVORNO,20DV,11822,8947,13023,12390,1/1/2023
2/1/2023,LIVORNO,20DV,12223,9170,13414,12892,2/1/2023
3/1/2023,LIVORNO,20DV,12218,9242,13317,12945,3/1/2023
4/1/2023,LIVORNO,20DV,12212,8914,13516,12914,4/1/2023
5/1/2023,LIVORNO,20DV,11890,8869,13104,12469,5/1/2023
6/1/2023,LIVORNO,20DV,11464,8602,12601,11978,6/1/2023
7/1/2023,LIVORNO,20DV,11042,8216,12157,11525,7/1/2023
8/1/2023,LIVORNO,20DV,10699,8044,11756,11150,8/1/2023
9/1/2023,LIVORNO,20DV,10553,8166,11482,11016,9/1/2023
10/1/2023,LIVORNO,20DV,10578,7945,11705,11094,10/1/2023
11/1/2023,LIVORNO,20DV,10840,8175,12125,11250,11/1/2023
12/1/2023,LIVORNO,20DV,11325,8517,12650,11941,12/1/2023
1/1/2024,LIVORNO,20DV,11892,8777,13094,12474,1/1/2024
2/1/2024,LIVORNO,20DV,12486,9179,13703,13006,2/1/2024
3/1/2024,LIVORNO,20DV,12715,9330,13997,13269,3/1/2024
4/1/2024,LIVORNO,20DV,12356,9302,13515,13077,4/1/2024
5/1/2024,LIVORNO,20DV,11973,8736,13204,12680,5/1/2024
6/1/2024,LIVORNO,20DV,11459,8668,12648,12306,6/1/2024
7/1/2024,LIVORNO,20DV,11112,8312,12090,11731,7/1/2024
8/1/2024,LIVORNO,20DV,10886,8214,11939,11357,8/1/2024
9/1/2024,LIVORNO,20DV,10600,7809,11753,11054,9/1/2024
10/1/2024,LIVORNO,20DV,10970,8398,12166,11561,10/1/2024
11/1/2024,LIVORNO,20DV,11223,8411,12204,11875,11/1/2024
12/1/2024,LIVORNO,20DV,11772,8606,13078,12526,12/1/2024
1/1/2025,LIVORNO,20DV,12232,9325,13420,12737,1/1/2025
2/1/2025,LIVORNO,20DV,12768,9413,14041,13419,2/1/2025
3/1/2025,LIVORNO,20DV,12662,9342,13908,13148,3/1/2025
4/1/2025,LIVORNO,20DV,12765,9421,13772,13452,4/1/2025
5/1/2025,LIVORNO,20DV,12508,9342,13811,13007,5/1/2025
6/1/2025,LIVORNO,20DV,12025,9089,13034,12801,6/1/2025
7/1/2025,LIVORNO,20DV,11424,8632,12661,11906,7/1/2025
8/1/2025,LIVORNO,20DV,10937,8479,11888,11550,8/1/2025
9/1/2025,LIVORNO,20DV,10889,8095,12093,11450,9/1/2025
10/1/2025,LIVORNO,20DV,11208,8355,12355,11774,10/1/2025
11/1/2025,LIVORNO,20DV,11227,8267,12418,11586,11/1/2025
12/1/2025,LIVORNO,20DV,11677,8630,12761,12250,12/1/2025
1/1/2018,LIVORNO,40HC,16709,12372,18150,17495,1/1/2018
2/1/2018,LIVORNO,40HC,16934,12794,18341,17672,2/1/2018
3/1/2018,LIVORNO,40HC,17295,13264,18915,18166,3/1/2018
4/1/2018,LIVORNO,40HC,17075,12761,19067,17963,4/1/2018
5/1/2018,LIVORNO,40HC,16678,12375,18098,17603,5/1/2018
6/1/2018,LIVORNO,40HC,16073,12002,17790,17007,6/1/2018
7/1/2018,LIVORNO,40HC,15575,11679,17153,16310,7/1/2018
8/1/2018,LIVORNO,40HC,14934,11122,16382,15789,8/1/2018
9/1/2018,LIVORNO,40HC,14801,11205,16192,15553,9/1/2018
10/1/2018,LIVORNO,40HC,15115,11401,16664,16056,10/1/2018
11/1/2018,LIVORNO,40HC,15117,11287,16582,15831,11/1/2018
12/1/2018,LIVORNO,40HC,15872,11901,17396,16688,12/1/2018
1/1/2019,LIVORNO,40HC,16666,12243,18298,17544,1/1/2019
2/1/2019,LIVORNO,40HC,17179,12939,19088,18233,2/1/2019
3/1/2019,LIVORNO,40HC,17639,12983,19440,18520,3/1/2019
4/1/2019,LIVORNO,40HC,17040,12733,18756,17715,4/1/2019
5/1/2019,LIVORNO,40HC,17093,12741,19039,17658,5/1/2019
6/1/2019,LIVORNO,40HC,16238,12254,17818,17218,6/1/2019
7/1/2019,LIVORNO,40HC,15471,11535,17240,16344,7/1/2019
8/1/2019,LIVORNO,40HC,15269,11445,16693,16286,8/1/2019
9/1/2019,LIVORNO,40HC,14764,11294,16319,15516,9/1/2019
10/1/2019,LIVORNO,40HC,15501,11382,17001,16289,10/1/2019
11/1/2019,LIVORNO,40HC,15685,11781,17243,16497,11/1/2019
12/1/2019,LIVORNO,40HC,16304,12369,17830,17032,12/1/2019
1/1/2020,LIVORNO,40HC,17119,12732,18780,17854,1/1/2020
2/1/2020,LIVORNO,40HC,17779,13338,19432,18746,2/1/2020
3/1/2020,LIVORNO,40HC,18014,13265,19888,19127,3/1/2020
4/1/2020,LIVORNO,40HC,17114,12560,18684,18073,4/1/2020
5/1/2020,LIVORNO,40HC,16258,12311,17971,16993,5/1/2020
6/1/2020,LIVORNO,40HC,15445,11533,17352,16283,6/1/2020
7/1/2020,LIVORNO,40HC,14673,10812,15912,15433,7/1/2020
8/1/2020,LIVORNO,40HC,13939,10388,15002,14557,8/1/2020
9/1/2020,LIVORNO,40HC,13242,10012,14435,13742,9/1/2020
10/1/2020,LIVORNO,40HC,12616,9532,13971,13142,10/1/2020
11/1/2020,LIVORNO,40HC,13095,9958,14311,13906,11/1/2020
12/1/2020,LIVORNO,40HC,13692,10200,15140,14411,12/1/2020
1/1/2021,LIVORNO,40HC,14377,10693,15951,15008,1/1/2021
2/1/2021,LIVORNO,40HC,14912,11233,16366,15669,2/1/2021
3/1/2021,LIVORNO,40HC,14994,11395,16626,15835,3/1/2021
4/1/2021,LIVORNO,40HC,15743,11748,16960,16445,4/1/2021
5/1/2021,LIVORNO,40HC,16530,12556,18321,17230,5/1/2021
6/1/2021,LIVORNO,40HC,16958,12662,18789,17505,6/1/2021
7/1/2021,LIVORNO,40HC,16337,12586,17954,17332,7/1/2021
8/1/2021,LIVORNO,40HC,15785,11567,17522,16667,8/1/2021
9/1/2021,LIVORNO,40HC,15689,12008,17484,16578,9/1/2021
10/1/2021,LIVORNO,40HC,15861,11658,17754,16743,10/1/2021
11/1/2021,LIVORNO,40HC,16342,12456,18293,16828,11/1/2021
12/1/2021,LIVORNO,40HC,16961,12735,18667,17828,12/1/2021
1/1/2022,LIVORNO,40HC,17809,13276,19565,18780,1/1/2022
2/1/2022,LIVORNO,40HC,18548,13742,20388,19489,2/1/2022
3/1/2022,LIVORNO,40HC,18303,13557,19644,18788,3/1/2022
4/1/2022,LIVORNO,40HC,18471,13979,20447,19371,4/1/2022
5/1/2022,LIVORNO,40HC,18147,13694,20388,19008,5/1/2022
6/1/2022,LIVORNO,40HC,17240,12898,19062,18281,6/1/2022
7/1/2022,LIVORNO,40HC,16378,12279,17783,17180,7/1/2022
8/1/2022,LIVORNO,40HC,15860,11757,17288,16570,8/1/2022
9/1/2022,LIVORNO,40HC,15910,11911,17352,16623,9/1/2022
10/1/2022,LIVORNO,40HC,15967,12117,17828,16881,10/1/2022
11/1/2022,LIVORNO,40HC,16611,12307,18356,17553,11/1/2022
12/1/2022,LIVORNO,40HC,17277,13048,19115,18104,12/1/2022
1/1/2023,LIVORNO,40HC,18141,13522,20019,18976,1/1/2023
2/1/2023,LIVORNO,40HC,18647,13700,20304,19150,2/1/2023
3/1/2023,LIVORNO,40HC,19045,14486,20770,19608,3/1/2023
4/1/2023,LIVORNO,40HC,18832,13865,20843,19616,4/1/2023
5/1/2023,LIVORNO,40HC,18281,13626,20125,19169,5/1/2023
6/1/2023,LIVORNO,40HC,17754,13505,19200,18501,6/1/2023
7/1/2023,LIVORNO,40HC,16930,12564,18756,17520,7/1/2023
8/1/2023,LIVORNO,40HC,16283,12366,18142,17091,8/1/2023
9/1/2023,LIVORNO,40HC,16134,12028,17748,16937,9/1/2023
10/1/2023,LIVORNO,40HC,16370,12262,17955,17403,10/1/2023
11/1/2023,LIVORNO,40HC,16917,13007,18840,17702,11/1/2023
12/1/2023,LIVORNO,40HC,17763,13524,19505,18609,12/1/2023
1/1/2024,LIVORNO,40HC,18651,14004,20402,19450,1/1/2024
2/1/2024,LIVORNO,40HC,19072,14179,20686,20522,2/1/2024
3/1/2024,LIVORNO,40HC,19156,14372,20978,20237,3/1/2024
4/1/2024,LIVORNO,40HC,19058,14608,21320,19853,4/1/2024
5/1/2024,LIVORNO,40HC,18715,14443,20804,19282,5/1/2024
6/1/2024,LIVORNO,40HC,18069,13440,19897,18740,6/1/2024
7/1/2024,LIVORNO,40HC,17166,13122,18882,17867,7/1/2024
8/1/2024,LIVORNO,40HC,16526,12134,18342,17127,8/1/2024
9/1/2024,LIVORNO,40HC,16549,12509,18221,17357,9/1/2024
10/1/2024,LIVORNO,40HC,16782,12649,18248,17450,10/1/2024
11/1/2024,LIVORNO,40HC,17381,13217,19144,17971,11/1/2024
12/1/2024,LIVORNO,40HC,17806,13206,19618,18810,12/1/2024
1/1/2025,LIVORNO,40HC,18696,14049,20568,19343,1/1/2025
2/1/2025,LIVORNO,40HC,19185,14032,21153,19654,2/1/2025
3/1/2025,LIVORNO,40HC,19678,14635,21509,20846,3/1/2025
4/1/2025,LIVORNO,40HC,19644,14730,21639,20978,4/1/2025
5/1/2025,LIVORNO,40HC,19251,14476,20867,20221,5/1/2025
6/1/2025,LIVORNO,40HC,18295,14232,19956,19335,6/1/2025
7/1/2025,LIVORNO,40HC,17468,13012,19172,18459,7/1/2025
8/1/2025,LIVORNO,40HC,16738,12557,18513,17969,8/1/2025
9/1/2025,LIVORNO,40HC,16819,12420,18451,17493,9/1/2025
10/1/2025,LIVORNO,40HC,17084,12491,18868,17861,10/1/2025
11/1/2025,LIVORNO,40HC,17688,13425,19638,18495,11/1/2025
12/1/2025,LIVORNO,40HC,18284,13879,20555,19208,12/1/2025
1/1/2018,TRIESTE,20DV,8240,6286,9059,8688,1/1/2018
2/1/2018,TRIESTE,20DV,8176,5999,9099,8572,2/1/2018
3/1/2018,TRIESTE,20DV,8284,6344,9254,8655,3/1/2018
4/1/2018,TRIESTE,20DV,8410,6338,9181,8699,4/1/2018
5/1/2018,TRIESTE,20DV,8133,6138,8929,8629,5/1/2018
6/1/2018,TRIESTE,20DV,7756,5805,8582,8122,6/1/2018
7/1/2018,TRIESTE,20DV,7633,5758,8365,8041,7/1/2018
8/1/2018,TRIESTE,20DV,7252,5581,7959,7637,8/1/2018
9/1/2018,TRIESTE,20DV,7168,5384,7950,7428,9/1/2018
10/1/2018,TRIESTE,20DV,7261,5396,8061,7674,10/1/2018
11/1/2018,TRIESTE,20DV,7534,5611,8373,7891,11/1/2018
12/1/2018,TRIESTE,20DV,7854,5973,8679,8231,12/1/2018
1/1/2019,TRIESTE,20DV,8247,6208,8988,8499,1/1/2019
2/1/2019,TRIESTE,20DV,8467,6370,9302,8994,2/1/2019
3/1/2019,TRIESTE,20DV,8589,6395,9363,9027,3/1/2019
4/1/2019,TRIESTE,20DV,8482,6481,9287,8888,4/1/2019
5/1/2019,TRIESTE,20DV,8164,6134,9027,8515,5/1/2019
6/1/2019,TRIESTE,20DV,7930,5884,8736,8322,6/1/2019
7/1/2019,TRIESTE,20DV,7663,5613,8599,8095,7/1/2019
8/1/2019,TRIESTE,20DV,7413,5469,8174,7778,8/1/2019
9/1/2019,TRIESTE,20DV,7424,5598,8197,7830,9/1/2019
10/1/2019,TRIESTE,20DV,7420,5500,8160,7710,10/1/2019
11/1/2019,TRIESTE,20DV,7562,5518,8377,7802,11/1/2019
12/1/2019,TRIESTE,20DV,7915,5870,8838,8249,12/1/2019
1/1/2020,TRIESTE,20DV,8311,6221,9156,8697,1/1/2020
2/1/2020,TRIESTE,20DV,8622,6518,9616,8964,2/1/2020
3/1/2020,TRIESTE,20DV,8753,6343,9620,9184,3/1/2020
4/1/2020,TRIESTE,20DV,8316,6233,9237,8709,4/1/2020
5/1/2020,TRIESTE,20DV,7900,5996,8684,8146,5/1/2020
6/1/2020,TRIESTE,20DV,7505,5564,8248,7936,6/1/2020
7/1/2020,TRIESTE,20DV,7130,5306,7699,7470,7/1/2020
8/1/2020,TRIESTE,20DV,6773,5093,7328,7033,8/1/2020
9/1/2020,TRIESTE,20DV,6434,4762,7070,6658,9/1/2020
10/1/2020,TRIESTE,20DV,6150,4556,6811,6598,10/1/2020
11/1/2020,TRIESTE,20DV,6339,4747,6970,6625,11/1/2020
12/1/2020,TRIESTE,20DV,6616,4974,7222,6806,12/1/2020
1/1/2021,TRIESTE,20DV,6947,5250,7575,7193,1/1/2021
2/1/2021,TRIESTE,20DV,7295,5472,8079,7666,2/1/2021
3/1/2021,TRIESTE,20DV,7383,5537,8046,7698,3/1/2021
4/1/2021,TRIESTE,20DV,7752,5833,8592,8120,4/1/2021
5/1/2021,TRIESTE,20DV,8140,6034,9011,8543,5/1/2021
6/1/2021,TRIESTE,20DV,8293,6046,9247,8705,6/1/2021
7/1/2021,TRIESTE,20DV,8006,5932,9004,8403,7/1/2021
8/1/2021,TRIESTE,20DV,7682,5724,8431,8052,8/1/2021
9/1/2021,TRIESTE,20DV,7621,5653,8374,8125,9/1/2021
10/1/2021,TRIESTE,20DV,7798,5760,8691,8160,10/1/2021
11/1/2021,TRIESTE,20DV,8018,6099,8816,8508,11/1/2021
12/1/2021,TRIESTE,20DV,8191,6075,8882,8618,12/1/2021
1/1/2022,TRIESTE,20DV,8601,6419,9395,9113,1/1/2022
2/1/2022,TRIESTE,20DV,9031,6825,9969,9533,2/1/2022
3/1/2022,TRIESTE,20DV,9116,6877,9917,9676,3/1/2022
4/1/2022,TRIESTE,20DV,8928,6631,10001,9601,4/1/2022
5/1/2022,TRIESTE,20DV,8756,6489,9746,9187,5/1/2022
6/1/2022,TRIESTE,20DV,8367,6270,9126,8823,6/1/2022
7/1/2022,TRIESTE,20DV,8134,6044,8878,8695,7/1/2022
8/1/2022,TRIESTE,20DV,8019,6004,8832,8439,8/1/2022
9/1/2022,TRIESTE,20DV,7680,5694,8415,7861,9/1/2022
10/1/2022,TRIESTE,20DV,7875,5939,8654,8233,10/1/2022
11/1/2022,TRIESTE,20DV,8121,5976,8988,8498,11/1/2022
12/1/2022,TRIESTE,20DV,8407,6287,9231,8839,12/1/2022
1/1/2023,TRIESTE,20DV,8827,6646,9836,9211,1/1/2023
2/1/2023,TRIESTE,20DV,9143,6884,10137,9812,2/1/2023
3/1/2023,TRIESTE,20DV,9131,7069,10137,9787,3/1/2023
4/1/2023,TRIESTE,20DV,8993,6724,9789,9296,4/1/2023
5/1/2023,TRIESTE,20DV,8846,6647,9604,9206,5/1/2023
6/1/2023,TRIESTE,20DV,8528,6388,9379,9045,6/1/2023
7/1/2023,TRIESTE,20DV,8298,6382,9276,8645,7/1/2023
8/1/2023,TRIESTE,20DV,7898,6003,8784,8260,8/1/2023
9/1/2023,TRIESTE,20DV,7852,6041,8696,8183,9/1/2023
10/1/2023,TRIESTE,20DV,8071,6007,8979,8588,10/1/2023
11/1/2023,TRIESTE,20DV,8302,6240,9040,8711,11/1/2023
12/1/2023,TRIESTE,20DV,8621,6470,9359,9160,12/1/2023
1/1/2024,TRIESTE,20DV,9052,6685,10075,9452,1/1/2024
2/1/2024,TRIESTE,20DV,9505,7161,10398,10056,2/1/2024
3/1/2024,TRIESTE,20DV,9425,6976,10292,9871,3/1/2024
4/1/2024,TRIESTE,20DV,9398,7148,10395,9886,4/1/2024
5/1/2024,TRIESTE,20DV,9074,6787,9959,9489,5/1/2024
6/1/2024,TRIESTE,20DV,8720,6407,9581,9133,6/1/2024
7/1/2024,TRIESTE,20DV,8311,6187,9171,8719,7/1/2024
8/1/2024,TRIESTE,20DV,8268,6205,9109,8702,8/1/2024
9/1/2024,TRIESTE,20DV,8053,6180,8727,8519,9/1/2024
10/1/2024,TRIESTE,20DV,8255,6263,9042,8589,10/1/2024
11/1/2024,TRIESTE,20DV,8419,6322,9322,8729,11/1/2024
12/1/2024,TRIESTE,20DV,8660,6571,9467,9202,12/1/2024
1/1/2025,TRIESTE,20DV,9093,6835,9973,9733,1/1/2025
2/1/2025,TRIESTE,20DV,9548,7076,10475,10117,2/1/2025
3/1/2025,TRIESTE,20DV,9624,7258,10341,10231,3/1/2025
4/1/2025,TRIESTE,20DV,9335,7082,10278,9767,4/1/2025
5/1/2025,TRIESTE,20DV,9249,7219,10117,9768,5/1/2025
6/1/2025,TRIESTE,20DV,8858,6670,9796,9339,6/1/2025
7/1/2025,TRIESTE,20DV,8501,6335,9373,8941,7/1/2025
8/1/2025,TRIESTE,20DV,8163,6198,8914,8502,8/1/2025
9/1/2025,TRIESTE,20DV,8335,6309,9207,8617,9/1/2025
10/1/2025,TRIESTE,20DV,8357,6400,9152,8879,10/1/2025
11/1/2025,TRIESTE,20DV,8466,6413,9254,8955,11/1/2025
12/1/2025,TRIESTE,20DV,8872,6502,9630,9257,12/1/2025
1/1/2018,TRIESTE,40HC,12358,9189,13623,12959,1/1/2018
2/1/2018,TRIESTE,40HC,12756,9454,14314,13538,2/1/2018
3/1/2018,TRIESTE,40HC,13023,9778,14306,13745,3/1/2018
4/1/2018,TRIESTE,40HC,13180,9759,14477,13973,4/1/2018
5/1/2018,TRIESTE,40HC,12717,9402,13907,13361,5/1/2018
6/1/2018,TRIESTE,40HC,12081,9139,13367,12770,6/1/2018
7/1/2018,TRIESTE,40HC,11564,8565,12749,12058,7/1/2018
8/1/2018,TRIESTE,40HC,11129,8410,12332,11741,8/1/2018
9/1/2018,TRIESTE,40HC,10929,8162,11943,11586,9/1/2018
10/1/2018,TRIESTE,40HC,11218,8349,12422,11928,10/1/2018
11/1/2018,TRIESTE,40HC,11469,8706,12481,12009,11/1/2018
12/1/2018,TRIESTE,40HC,12042,9151,13306,12716,12/1/2018
1/1/2019,TRIESTE,40HC,12644,9510,13808,13441,1/1/2019
2/1/2019,TRIESTE,40HC,13277,10145,14610,13734,2/1/2019
3/1/2019,TRIESTE,40HC,13135,9630,14244,13745,3/1/2019
4/1/2019,TRIESTE,40HC,13022,9907,14337,13749,4/1/2019
5/1/2019,TRIESTE,40HC,12575,9330,13830,13168,5/1/2019
6/1/2019,TRIESTE,40HC,12319,9211,13363,12854,6/1/2019
7/1/2019,TRIESTE,40HC,11703,8819,13076,12340,7/1/2019
8/1/2019,TRIESTE,40HC,11323,8414,12526,11837,8/1/2019
9/1/2019,TRIESTE,40HC,11161,8366,12155,11728,9/1/2019
10/1/2019,TRIESTE,40HC,11329,8448,12348,11721,10/1/2019
11/1/2019,TRIESTE,40HC,11895,8894,13055,12435,11/1/2019
12/1/2019,TRIESTE,40HC,11938,9205,13064,12570,12/1/2019
1/1/2020,TRIESTE,40HC,12535,9169,13777,13151,1/1/2020
2/1/2020,TRIESTE,40HC,13162,9843,14193,13816,2/1/2020
3/1/2020,TRIESTE,40HC,13794,10400,15407,14529,3/1/2020
4/1/2020,TRIESTE,40HC,13105,9680,14321,13905,4/1/2020
5/1/2020,TRIESTE,40HC,12449,9316,13845,13043,5/1/2020
6/1/2020,TRIESTE,40HC,11827,8906,12990,12417,6/1/2020
7/1/2020,TRIESTE,40HC,11236,8467,12635,11807,7/1/2020
8/1/2020,TRIESTE,40HC,10674,8093,11833,11158,8/1/2020
9/1/2020,TRIESTE,40HC,10140,7716,11262,10568,9/1/2020
10/1/2020,TRIESTE,40HC,9633,7193,10711,10197,10/1/2020
11/1/2020,TRIESTE,40HC,9810,7366,10799,10188,11/1/2020
12/1/2020,TRIESTE,40HC,10301,7580,11347,10878,12/1/2020
1/1/2021,TRIESTE,40HC,10816,8106,11884,11335,1/1/2021
2/1/2021,TRIESTE,40HC,11205,8241,12366,11728,2/1/2021
3/1/2021,TRIESTE,40HC,11290,8469,12428,11892,3/1/2021
4/1/2021,TRIESTE,40HC,11854,8988,13082,12504,4/1/2021
5/1/2021,TRIESTE,40HC,12447,9387,13593,12941,5/1/2021
6/1/2021,TRIESTE,40HC,12645,9495,13857,13274,6/1/2021
7/1/2021,TRIESTE,40HC,12448,9436,13762,13017,7/1/2021
8/1/2021,TRIESTE,40HC,11978,9112,13178,12489,8/1/2021
9/1/2021,TRIESTE,40HC,11725,8697,12954,12067,9/1/2021
10/1/2021,TRIESTE,40HC,11691,8907,12939,12376,10/1/2021
11/1/2021,TRIESTE,40HC,12276,9114,13613,13000,11/1/2021
12/1/2021,TRIESTE,40HC,12760,9513,14099,13250,12/1/2021
1/1/2022,TRIESTE,40HC,13398,10146,14707,14055,1/1/2022
2/1/2022,TRIESTE,40HC,14063,10572,15348,14595,2/1/2022
3/1/2022,TRIESTE,40HC,13840,10377,15384,14484,3/1/2022
4/1/2022,TRIESTE,40HC,13908,10455,15202,14516,4/1/2022
5/1/2022,TRIESTE,40HC,13428,10247,14771,14282,5/1/2022
6/1/2022,TRIESTE,40HC,13001,9760,14511,13474,6/1/2022
7/1/2022,TRIESTE,40HC,12498,9467,13649,12900,7/1/2022
8/1/2022,TRIESTE,40HC,11874,8991,13029,12426,8/1/2022
9/1/2022,TRIESTE,40HC,11896,9170,13100,12457,9/1/2022
10/1/2022,TRIESTE,40HC,12073,9222,13065,12914,10/1/2022
11/1/2022,TRIESTE,40HC,12286,9301,13383,12807,11/1/2022
12/1/2022,TRIESTE,40HC,12865,9741,14312,13698,12/1/2022
1/1/2023,TRIESTE,40HC,13508,10154,14920,14252,1/1/2023
2/1/2023,TRIESTE,40HC,14183,10614,15718,15127,2/1/2023
3/1/2023,TRIESTE,40HC,14235,10674,15695,14987,3/1/2023
4/1/2023,TRIESTE,40HC,14016,10515,15144,14491,4/1/2023
5/1/2023,TRIESTE,40HC,13590,10131,14811,14144,5/1/2023
6/1/2023,TRIESTE,40HC,13153,9810,14175,13883,6/1/2023
7/1/2023,TRIESTE,40HC,12571,9420,13909,13089,7/1/2023
8/1/2023,TRIESTE,40HC,12359,9229,13930,13273,8/1/2023
9/1/2023,TRIESTE,40HC,12175,9108,13202,12561,9/1/2023
10/1/2023,TRIESTE,40HC,12206,9134,13557,12740,10/1/2023
11/1/2023,TRIESTE,40HC,12701,9641,14109,13396,11/1/2023
12/1/2023,TRIESTE,40HC,13336,10108,14695,14006,12/1/2023
1/1/2024,TRIESTE,40HC,14003,10646,15211,14637,1/1/2024
2/1/2024,TRIESTE,40HC,14408,10985,15724,15337,2/1/2024
3/1/2024,TRIESTE,40HC,14619,10859,15786,15361,3/1/2024
4/1/2024,TRIESTE,40HC,14553,10919,15990,15438,4/1/2024
5/1/2024,TRIESTE,40HC,13825,10410,15238,14458,5/1/2024
6/1/2024,TRIESTE,40HC,13383,10096,14831,14192,6/1/2024
7/1/2024,TRIESTE,40HC,12823,9683,14079,13494,7/1/2024
8/1/2024,TRIESTE,40HC,12428,9498,13565,12848,8/1/2024
9/1/2024,TRIESTE,40HC,12626,9400,13801,13104,9/1/2024
10/1/2024,TRIESTE,40HC,12573,9459,13814,13344,10/1/2024
11/1/2024,TRIESTE,40HC,13046,9626,14390,13699,11/1/2024
12/1/2024,TRIESTE,40HC,13480,10166,15016,14308,12/1/2024
1/1/2025,TRIESTE,40HC,14154,10390,15859,14965,1/1/2025
2/1/2025,TRIESTE,40HC,14334,10802,15766,14890,2/1/2025
3/1/2025,TRIESTE,40HC,14703,11210,16015,15263,3/1/2025
4/1/2025,TRIESTE,40HC,14563,11013,16198,15276,4/1/2025
5/1/2025,TRIESTE,40HC,14178,10483,15958,14911,5/1/2025
6/1/2025,TRIESTE,40HC,13805,10247,15081,14399,6/1/2025
7/1/2025,TRIESTE,40HC,13145,9940,14394,13869,7/1/2025
8/1/2025,TRIESTE,40HC,12815,9597,14081,13428,8/1/2025
9/1/2025,TRIESTE,40HC,12717,9261,13992,13257,9/1/2025
10/1/2025,TRIESTE,40HC,12761,9752,13951,13432,10/1/2025
11/1/2025,TRIESTE,40HC,13228,9946,14367,13804,11/1/2025
12/1/2025,TRIESTE,40HC,13620,10020,15065,14103,12/1/2025
